{
  "accuracy": 0.5833333333333334,
  "auc": 0.6593674879807692,
  "precision": 0.46296296296296297,
  "recall": 0.5859375,
  "f1": 0.5172413793103449,
  "confusion_matrix": [
    [
      121,
      87
    ],
    [
      53,
      75
    ]
  ],
  "roc_fpr": [
    0.0,
    0.0,
    0.0,
    0.009615384615384616,
    0.009615384615384616,
    0.019230769230769232,
    0.019230769230769232,
    0.028846153846153848,
    0.028846153846153848,
    0.03365384615384615,
    0.03365384615384615,
    0.038461538461538464,
    0.038461538461538464,
    0.04326923076923077,
    0.04326923076923077,
    0.04807692307692308,
    0.04807692307692308,
    0.052884615384615384,
    0.052884615384615384,
    0.057692307692307696,
    0.057692307692307696,
    0.0625,
    0.0625,
    0.0673076923076923,
    0.0673076923076923,
    0.07211538461538461,
    0.07211538461538461,
    0.08173076923076923,
    0.08173076923076923,
    0.09134615384615384,
    0.09134615384615384,
    0.09615384615384616,
    0.09615384615384616,
    0.10096153846153846,
    0.10096153846153846,
    0.10576923076923077,
    0.10576923076923077,
    0.125,
    0.125,
    0.12980769230769232,
    0.12980769230769232,
    0.15384615384615385,
    0.15384615384615385,
    0.15865384615384615,
    0.15865384615384615,
    0.16346153846153846,
    0.16346153846153846,
    0.16826923076923078,
    0.16826923076923078,
    0.17307692307692307,
    0.17307692307692307,
    0.1875,
    0.1875,
    0.20673076923076922,
    0.20673076923076922,
    0.22596153846153846,
    0.22596153846153846,
    0.2548076923076923,
    0.2548076923076923,
    0.2692307692307692,
    0.2692307692307692,
    0.27403846153846156,
    0.27403846153846156,
    0.28846153846153844,
    0.28846153846153844,
    0.3076923076923077,
    0.3076923076923077,
    0.3125,
    0.3125,
    0.3317307692307692,
    0.3317307692307692,
    0.33653846153846156,
    0.33653846153846156,
    0.3557692307692308,
    0.3557692307692308,
    0.3894230769230769,
    0.3894230769230769,
    0.41346153846153844,
    0.41346153846153844,
    0.4182692307692308,
    0.4182692307692308,
    0.4375,
    0.4375,
    0.4423076923076923,
    0.4423076923076923,
    0.46153846153846156,
    0.46153846153846156,
    0.47115384615384615,
    0.47115384615384615,
    0.47596153846153844,
    0.47596153846153844,
    0.4807692307692308,
    0.4807692307692308,
    0.49038461538461536,
    0.49038461538461536,
    0.5,
    0.5,
    0.5096153846153846,
    0.5096153846153846,
    0.5192307692307693,
    0.5192307692307693,
    0.5336538461538461,
    0.5336538461538461,
    0.5432692307692307,
    0.5432692307692307,
    0.5480769230769231,
    0.5480769230769231,
    0.5528846153846154,
    0.5528846153846154,
    0.5576923076923077,
    0.5576923076923077,
    0.5673076923076923,
    0.5673076923076923,
    0.5721153846153846,
    0.5721153846153846,
    0.5865384615384616,
    0.5865384615384616,
    0.5913461538461539,
    0.5913461538461539,
    0.6105769230769231,
    0.6105769230769231,
    0.6201923076923077,
    0.6201923076923077,
    0.6298076923076923,
    0.6298076923076923,
    0.6346153846153846,
    0.6346153846153846,
    0.6394230769230769,
    0.6394230769230769,
    0.6490384615384616,
    0.6490384615384616,
    0.6778846153846154,
    0.6778846153846154,
    0.6923076923076923,
    0.6923076923076923,
    0.6971153846153846,
    0.6971153846153846,
    0.7115384615384616,
    0.7115384615384616,
    0.7163461538461539,
    0.7163461538461539,
    0.7355769230769231,
    0.7355769230769231,
    0.7403846153846154,
    0.7403846153846154,
    0.7740384615384616,
    0.7740384615384616,
    0.7788461538461539,
    0.7788461538461539,
    0.7980769230769231,
    0.7980769230769231,
    0.8125,
    0.8125,
    0.8173076923076923,
    0.8173076923076923,
    0.8846153846153846,
    0.8846153846153846,
    0.9375,
    0.9375,
    0.9567307692307693,
    0.9567307692307693,
    1.0
  ],
  "roc_tpr": [
    0.0,
    0.0078125,
    0.0234375,
    0.0234375,
    0.03125,
    0.03125,
    0.0546875,
    0.0546875,
    0.0625,
    0.0625,
    0.078125,
    0.078125,
    0.0859375,
    0.0859375,
    0.09375,
    0.09375,
    0.1015625,
    0.1015625,
    0.1171875,
    0.1171875,
    0.15625,
    0.15625,
    0.1640625,
    0.1640625,
    0.1796875,
    0.1796875,
    0.1875,
    0.1875,
    0.2734375,
    0.2734375,
    0.28125,
    0.28125,
    0.3203125,
    0.3203125,
    0.328125,
    0.328125,
    0.3359375,
    0.3359375,
    0.34375,
    0.34375,
    0.3515625,
    0.3515625,
    0.359375,
    0.359375,
    0.3671875,
    0.3671875,
    0.375,
    0.375,
    0.3984375,
    0.3984375,
    0.4140625,
    0.4140625,
    0.421875,
    0.421875,
    0.4296875,
    0.4296875,
    0.4609375,
    0.4609375,
    0.4765625,
    0.4765625,
    0.484375,
    0.484375,
    0.4921875,
    0.4921875,
    0.515625,
    0.515625,
    0.5234375,
    0.5234375,
    0.546875,
    0.546875,
    0.5546875,
    0.5546875,
    0.5625,
    0.5625,
    0.5703125,
    0.5703125,
    0.578125,
    0.578125,
    0.5859375,
    0.5859375,
    0.609375,
    0.609375,
    0.6171875,
    0.6171875,
    0.6328125,
    0.6328125,
    0.640625,
    0.640625,
    0.6484375,
    0.6484375,
    0.65625,
    0.65625,
    0.6640625,
    0.6640625,
    0.671875,
    0.671875,
    0.6796875,
    0.6796875,
    0.6953125,
    0.6953125,
    0.703125,
    0.703125,
    0.7109375,
    0.7109375,
    0.71875,
    0.71875,
    0.7265625,
    0.7265625,
    0.734375,
    0.734375,
    0.7421875,
    0.7421875,
    0.75,
    0.75,
    0.7578125,
    0.7578125,
    0.765625,
    0.765625,
    0.7734375,
    0.7734375,
    0.78125,
    0.78125,
    0.7890625,
    0.7890625,
    0.796875,
    0.796875,
    0.8359375,
    0.8359375,
    0.84375,
    0.84375,
    0.8515625,
    0.8515625,
    0.859375,
    0.859375,
    0.8671875,
    0.8671875,
    0.875,
    0.875,
    0.8828125,
    0.8828125,
    0.890625,
    0.890625,
    0.90625,
    0.90625,
    0.9296875,
    0.9296875,
    0.9375,
    0.9375,
    0.953125,
    0.953125,
    0.9609375,
    0.9609375,
    0.96875,
    0.96875,
    0.9765625,
    0.9765625,
    0.984375,
    0.984375,
    0.9921875,
    0.9921875,
    1.0,
    1.0
  ],