{
  "accuracy": [
    0.5973861813545227,
    0.6163575053215027,
    0.6391230821609497,
    0.639544665813446,
    0.652192234992981,
    0.6576728224754333,
    0.6509274840354919,
    0.6492411494255066,
    0.6635750532150269,
    0.6812816262245178,
    0.6888701319694519,
    0.6973018646240234,
    0.691821277141571,
    0.674957811832428,
    0.7040472030639648,
    0.6935076117515564,
    0.7002529501914978,
    0.6850758790969849,
    0.7069982886314392,
    0.7078414559364319,
    0.6639966368675232,
    0.6694772243499756,
    0.6698988080024719,
    0.6795952916145325,
    0.6779089570045471,
    0.6783305406570435,
    0.6901348829269409,
    0.6821247935295105,
    0.6859190464019775,
    0.6956155300140381,
    0.6854974627494812,
    0.6753794550895691,
    0.6817032098770142,
    0.6943507790565491,
    0.6998313665390015,
    0.6951939463615417,
    0.6871837973594666
  ],
  "auc": [
    0.5518970489501953,
    0.5673953890800476,
    0.6057629585266113,
    0.5920150876045227,
    0.6202648282051086,
    0.6253294944763184,
    0.6246429085731506,
    0.638763427734375,
    0.6656880378723145,
    0.6702649593353271,
    0.6866716742515564,
    0.6941099762916565,
    0.6875185966491699,
    0.6860800385475159,
    0.7166433930397034,
    0.7097444534301758,
    0.6988762021064758,
    0.7071490287780762,
    0.7292728424072266,
    0.7262556552886963,
    0.65787672996521,
    0.6655368208885193,
    0.673572301864624,
    0.670188307762146,
    0.6782627701759338,
    0.6867392063140869,
    0.6833202242851257,
    0.675635576248169,
    0.6898521184921265,
    0.6893846392631531,
    0.6896659731864929,
    0.6955993175506592,
    0.692387580871582,
    0.7035384178161621,
    0.7029292583465576,
    0.6992433071136475,
    0.7025899291038513
  ],
  "loss": [
    0.8117395043373108,
    0.7286957502365112,
    0.6801130771636963,
    0.6864869594573975,
    0.6538766026496887,
    0.6442714929580688,
    0.6361429691314697,
    0.6292997002601624,
    0.6109699606895447,
    0.6033164262771606,
    0.5924773216247559,
    0.5914865136146545,
    0.5878016948699951,
    0.5933496356010437,
    0.5707550048828125,
    0.5754129886627197,
    0.5841216444969177,
    0.5798969268798828,
    0.5652071237564087,
    0.5661934614181519,
    0.6233447790145874,
    0.6177632808685303,
    0.610967218875885,
    0.6100006103515625,
    0.6085630059242249,
    0.5987504720687866,
    0.6025583744049072,
    0.6064221858978271,
    0.5949471592903137,
    0.5960657596588135,
    0.5982008576393127,
    0.5933501124382019,
    0.5934499502182007,
    0.588660717010498,
    0.5871409773826599,
    0.5883663296699524,
    0.5862568020820618
  ],
  "precision": [
    0.3848484754562378,
    0.4094754755496979,
    0.45065176486968994,
    0.4523809552192688,
    0.47834646701812744,
    0.4915887713432312,
    0.47165533900260925,
    0.46972858905792236,
    0.5050100088119507,
    0.5484536290168762,
    0.5684210658073425,
    0.582205057144165,
    0.5779221057891846,
    0.5370370149612427,
    0.6095444560050964,
    0.5791666507720947,
    0.5966386795043945,
    0.5583333373069763,
    0.6144067645072937,
    0.6206140518188477,
    0.5073891878128052,
    0.5226730108261108,
    0.5234741568565369,
    0.5513126254081726,
    0.5448275804519653,
    0.5448430776596069,
    0.578341007232666,
    0.5555555820465088,
    0.5671296119689941,
    0.5870967507362366,
    0.5605095624923706,
    0.5334685444831848,
    0.5515021681785583,
    0.5822784900665283,
    0.5957894921302795,
    0.5888888835906982,
    0.5650320053100586
  ],
  "recall": [
    0.31631383299827576,
    0.30136987566947937,
    0.30136987566947937,
    0.30759650468826294,
    0.3026151955127716,
    0.32752180099487305,
    0.2590286433696747,
    0.280199259519577,
    0.3138231635093689,
    0.33125779032707214,
    0.3362390995025635,
    0.37484434247016907,
    0.3325031101703644,
    0.28891655802726746,
    0.3499377369880676,
    0.34620174765586853,
    0.3536737263202667,
    0.3337484300136566,
    0.3611457049846649,
    0.3524284064769745,
    0.2565379738807678,
    0.27272728085517883,
    0.27770859003067017,
    0.2876712381839752,
    0.2951432168483734,
    0.3026151955127716,
    0.31257784366607666,
    0.30510586500167847,
    0.30510586500167847,
    0.3399750888347626,
    0.3287671208381653,
    0.32752180099487305,
    0.32004982233047485,
    0.34371107816696167,
    0.3524284064769745,
    0.3300124406814575,
    0.3300124406814575
  ],
  "val_accuracy": [
    0.5718518495559692,
    0.6000000238418579,
    0.6370370388031006,
    0.6281481385231018,
    0.5837036967277527,
    0.6385185122489929,
    0.6607407331466675,
    0.6474074125289917,
    0.648888885974884,
    0.6429629921913147,
    0.6325926184654236,
    0.6637036800384521,
    0.6651852130889893,
    0.6622222065925598,
    0.648888885974884,
    0.6429629921913147,
    0.6548148393630981,
    0.6607407331466675,
    0.644444465637207,
    0.6651852130889893,
    0.6592592597007751,
    0.6577777862548828,
    0.644444465637207,
    0.648888885974884,
    0.6548148393630981,
    0.6562963128089905,
    0.6562963128089905,
    0.653333306312561,
    0.6577777862548828,
    0.6577777862548828,
    0.6592592597007751,
    0.6607407331466675,
    0.6622222065925598,
    0.6577777862548828,
    0.6607407331466675,
    0.6562963128089905,
    0.6696296334266663
  ],
  "val_auc": [
    0.5930321216583252,
    0.6030669808387756,
    0.6349758505821228,
    0.6420409679412842,
    0.6425966024398804,
    0.6433881521224976,
    0.6551191806793213,
    0.6437864303588867,
    0.6470116972923279,
    0.6506843566894531,
    0.6645984649658203,
    0.6602078676223755,
    0.6639002561569214,
    0.6609895825386047,
    0.661368191242218,
    0.6652768850326538,
    0.6666437387466431,
    0.6624006628990173,
    0.6633545160293579,
    0.667381227016449,
    0.6723223924636841,
    0.6730157136917114,
    0.6674254536628723,
    0.665080189704895,
    0.6652768850326538,
    0.665208101272583,
    0.6663831472396851,
    0.6657832860946655,
    0.6660193204879761,
    0.6680055856704712,
    0.6675434112548828,
    0.6678286194801331,
    0.6675779223442078,
    0.6677056550979614,
    0.6674402356147766,
    0.6682907938957214,
    0.6678925156593323
  ],
  "val_loss": [
    0.6949377655982971,
    0.6670591235160828,
    0.628535270690918,
    0.6262194514274597,
    0.6665099263191223,
    0.6220580339431763,
    0.6068256497383118,
    0.6288864016532898,
    0.6175515055656433,
    0.6191008687019348,
    0.6211075186729431,
    0.6080174446105957,
    0.6012918949127197,
    0.6068488955497742,
    0.6135229468345642,
    0.6120404005050659,
    0.6084606647491455,
    0.6107731461524963,
    0.6115186810493469,
    0.6023749709129333,
    0.6042065620422363,
    0.6029327511787415,
    0.6062352657318115,
    0.606433629989624,
    0.606689453125,
    0.6059265732765198,
    0.6045632362365723,
    0.605222225189209,
    0.6054815649986267,
    0.6045131087303162,
    0.6046111583709717,
    0.6049937605857849,
    0.6050456166267395,
    0.6051450371742249,
    0.6048358082771301,
    0.6046741008758545,
    0.6049633622169495
  ],